Portfolio_Size,Sampling_Mean,Sampling_Std,Norm_VaR_95,Empirical_VaR_95
10,0.0004916746795224579,0.0009971499686152467,,
30,0.0005280732166219554,0.00032364084551531703,,
100,0.00048898061211372,9.986291952443161e-05,0.0003247207267359956,0.00032355475378812023
